Category,Product
Electronics,Mobile Phone
Electronics,ch
Electronics,Laptop
Electronics,Tablet
Electronics,Smart Watch
Electronics,Bluetooth Speaker
Electronics,Headphones
Electronics,Television
Electronics,Refrigerator
Electronics,Washing Machine
Electronics,Air Conditioner
Electronics,Ceiling Fan
Electronics,Mixer Grinder
Electronics,Microwave Oven
Electronics,Printer
Electronics,Camera
Electronics,Power Bank
Electronics,Router
Electronics,Keyboard
Electronics,Mouse
Electronics,LED Bulb
Kirana,Rice
Kirana,Wheat Flour
Kirana,Sugar
Kirana,Salt
Kirana,Cooking Oil
Kirana,Tea
Kirana,Coffee
Kirana,Biscuits
Kirana,Soap
Kirana,Shampoo
Kirana,Toothpaste
Kirana,Detergent
Kirana,Spices
Kirana,Dal
Kirana,Noodles
Kirana,Snacks
Kirana,Cold Drink
Kirana,Milk
Kirana,Bread
Kirana,Eggs
Clothing,T-Shirt
Clothing,Shirt
Clothing,Jeans
Clothing,Trousers
Clothing,Kurta
Clothing,Saree
Clothing,Jacket
Clothing,Sweater
Clothing,Shoes
Clothing,Sandals
Clothing,Cap
Clothing,Belt
Clothing,Socks
Clothing,Scarf
Clothing,Handbag
Clothing,Track Pants
Clothing,Shorts
Clothing,Dress
Clothing,Blazer
Clothing,Hoodie
Pharmacy,Paracetamol
Pharmacy,Cough Syrup
Pharmacy,Vitamin Tablets
Pharmacy,Bandage
Pharmacy,Antiseptic Cream
Pharmacy,Pain Relief Spray
Pharmacy,Hand Sanitizer
Pharmacy,Thermometer
Pharmacy,Blood Pressure Monitor
Pharmacy,Face Mask
Pharmacy,Glucose Powder
Pharmacy,ORS
Pharmacy,Cotton
Pharmacy,Antibiotic Ointment
Pharmacy,Eye Drops
Pharmacy,Allergy Medicine
Pharmacy,Digestive Syrup
Pharmacy,First Aid Kit
Pharmacy,Protein Powder
Pharmacy,Insulin
Jewellery,Gold Ring
Jewellery,Silver Ring
Jewellery,Necklace
Jewellery,Bracelet
Jewellery,Earrings
Jewellery,Mangalsutra
Jewellery,Anklet
Jewellery,Bangles
Jewellery,Diamond Ring
Jewellery,Pendant
Jewellery,Nose Pin
Jewellery,Chain
Jewellery,Brooch
Jewellery,Toe Ring
Jewellery,Watch
Jewellery,Pearl Necklace
Jewellery,Jewellery Box
Jewellery,Cufflinks
Jewellery,Hair Pin
Jewellery,Gemstone
Furniture,Sofa
Furniture,Dining Table
Furniture,Chair
Furniture,Bed
Furniture,Wardrobe
Furniture,Study Table
Furniture,Bookshelf
Furniture,TV Unit
Furniture,Coffee Table
Furniture,Office Chair
Furniture,Mattress
Furniture,Shoe Rack
Furniture,Drawer Cabinet
Furniture,Dressing Table
Furniture,Recliner
Furniture,Cupboard
Furniture,Computer Table
Furniture,Stool
Furniture,Side Table
Furniture,Bench
